#,Name,Type 1,Type 2,Total,HP,Attack,Defense,Sp. Atk,Sp. Def,Speed,Generation,Legendary,Name_KOR
1,Bulbasaur,Grass,Poison,318,45,49,49,65,65,45,1,FALSE,이상해씨
2,Ivysaur,Grass,Poison,405,60,62,63,80,80,60,1,FALSE,이상해풀
3,Venusaur,Grass,Poison,525,80,82,83,100,100,80,1,FALSE,이상해꽃
4,Charmander,Fire,,309,39,52,43,60,50,65,1,FALSE,파이리
5,Charmeleon,Fire,,405,58,64,58,80,65,80,1,FALSE,리자드
6,Charizard,Fire,Flying,534,78,84,78,109,85,100,1,FALSE,리자몽
7,Squirtle,Water,,314,44,48,65,50,64,43,1,FALSE,꼬부기
8,Wartortle,Water,,405,59,63,80,65,80,58,1,FALSE,어니부기
9,Blastoise,Water,,530,79,83,100,85,105,78,1,FALSE,거북왕
10,Caterpie,Bug,,195,45,30,35,20,20,45,1,FALSE,캐터피
11,Metapod,Bug,,205,50,20,55,25,25,30,1,FALSE,단데기
12,Butterfree,Bug,Flying,395,60,45,50,90,80,70,1,FALSE,버터플
13,Weedle,Bug,Poison,195,40,35,30,20,20,50,1,FALSE,뿔충이
14,Kakuna,Bug,Poison,205,45,25,50,25,25,35,1,FALSE,딱충이
15,Beedrill,Bug,Poison,395,65,90,40,45,80,75,1,FALSE,독침붕
16,Pidgey,Normal,Flying,251,40,45,40,35,35,56,1,FALSE,구구
17,Pidgeotto,Normal,Flying,349,63,60,55,50,50,71,1,FALSE,피죤
18,Pidgeot,Normal,Flying,479,83,80,75,70,70,101,1,FALSE,피죤투
19,Rattata,Normal,,253,30,56,35,25,35,72,1,FALSE,꼬렛
20,Raticate,Normal,,413,55,81,60,50,70,97,1,FALSE,레트라
21,Spearow,Normal,Flying,262,40,60,30,31,31,70,1,FALSE,깨비참
22,Fearow,Normal,Flying,442,65,90,65,61,61,100,1,FALSE,깨비드릴조
23,Ekans,Poison,,288,35,60,44,40,54,55,1,FALSE,아보
24,Arbok,Poison,,438,60,85,69,65,79,80,1,FALSE,아보크
25,Pikachu,Electric,,320,35,55,40,50,50,90,1,FALSE,피카츄
26,Raichu,Electric,,485,60,90,55,90,80,110,1,FALSE,라이츄
27,Sandshrew,Ground,,300,50,75,85,20,30,40,1,FALSE,모래두지
28,Sandslash,Ground,,450,75,100,110,45,55,65,1,FALSE,고지
29,Nidoran♀,Poison,,275,55,47,52,40,40,41,1,FALSE,니드런♀
30,Nidorina,Poison,,365,70,62,67,55,55,56,1,FALSE,니드리나
31,Nidoqueen,Poison,Ground,505,90,92,87,75,85,76,1,FALSE,니드퀸
32,Nidoran♂,Poison,,273,46,57,40,40,40,50,1,FALSE,니드런♂
33,Nidorino,Poison,,365,61,72,57,55,55,65,1,FALSE,니드리노
34,Nidoking,Poison,Ground,505,81,102,77,85,75,85,1,FALSE,니드킹
35,Clefairy,Fairy,,323,70,45,48,60,65,35,1,FALSE,삐삐
36,Clefable,Fairy,,483,95,70,73,95,90,60,1,FALSE,픽시
37,Vulpix,Fire,,299,38,41,40,50,65,65,1,FALSE,식스테일
38,Ninetales,Fire,,505,73,76,75,81,100,100,1,FALSE,나인테일
39,Jigglypuff,Normal,Fairy,270,115,45,20,45,25,20,1,FALSE,푸린
40,Wigglytuff,Normal,Fairy,435,140,70,45,85,50,45,1,FALSE,푸크린
41,Zubat,Poison,Flying,245,40,45,35,30,40,55,1,FALSE,주뱃
42,Golbat,Poison,Flying,455,75,80,70,65,75,90,1,FALSE,골뱃
43,Oddish,Grass,Poison,320,45,50,55,75,65,30,1,FALSE,뚜벅쵸
44,Gloom,Grass,Poison,395,60,65,70,85,75,40,1,FALSE,냄새꼬
45,Vileplume,Grass,Poison,490,75,80,85,110,90,50,1,FALSE,라플레시아
46,Paras,Bug,Grass,285,35,70,55,45,55,25,1,FALSE,파라스
47,Parasect,Bug,Grass,405,60,95,80,60,80,30,1,FALSE,파라섹트
48,Venonat,Bug,Poison,305,60,55,50,40,55,45,1,FALSE,콘팡
49,Venomoth,Bug,Poison,450,70,65,60,90,75,90,1,FALSE,도나리
50,Diglett,Ground,,265,10,55,25,35,45,95,1,FALSE,디그다
51,Dugtrio,Ground,,405,35,80,50,50,70,120,1,FALSE,닥트리오
52,Meowth,Normal,,290,40,45,35,40,40,90,1,FALSE,나옹
53,Persian,Normal,,440,65,70,60,65,65,115,1,FALSE,페르시온
54,Psyduck,Water,,320,50,52,48,65,50,55,1,FALSE,고라파덕
55,Golduck,Water,,500,80,82,78,95,80,85,1,FALSE,골덕
56,Mankey,Fighting,,305,40,80,35,35,45,70,1,FALSE,망키
57,Primeape,Fighting,,455,65,105,60,60,70,95,1,FALSE,성원숭
58,Growlithe,Fire,,350,55,70,45,70,50,60,1,FALSE,가디
59,Arcanine,Fire,,555,90,110,80,100,80,95,1,FALSE,윈디
60,Poliwag,Water,,300,40,50,40,40,40,90,1,FALSE,발챙이
61,Poliwhirl,Water,,385,65,65,65,50,50,90,1,FALSE,슈륙챙이
62,Poliwrath,Water,Fighting,510,90,95,95,70,90,70,1,FALSE,강챙이
63,Abra,Psychic,,310,25,20,15,105,55,90,1,FALSE,캐이시
64,Kadabra,Psychic,,400,40,35,30,120,70,105,1,FALSE,윤겔라
65,Alakazam,Psychic,,500,55,50,45,135,95,120,1,FALSE,후딘
65,Machop,Fighting,,305,70,80,50,35,35,35,1,FALSE,알통몬
66,Machoke,Fighting,,405,80,100,70,50,60,45,1,FALSE,근육몬
67,Machamp,Fighting,,505,90,130,80,65,85,55,1,FALSE,괴력몬
68,Bellsprout,Grass,Poison,300,50,75,35,70,30,40,1,FALSE,모다피
69,Weepinbell,Grass,Poison,390,65,90,50,85,45,55,1,FALSE,우츠동
70,Victreebel,Grass,Poison,490,80,105,65,100,70,70,1,FALSE,우츠보트
71,Tentacool,Water,Poison,335,40,40,35,50,100,70,1,FALSE,왕눈해
72,Tentacruel,Water,Poison,515,80,70,65,80,120,100,1,FALSE,독파리
73,Geodude,Rock,Ground,300,40,80,100,30,30,20,1,FALSE,꼬마돌
74,Graveler,Rock,Ground,390,55,95,115,45,45,35,1,FALSE,데구리
75,Golem,Rock,Ground,495,80,120,130,55,65,45,1,FALSE,딱구리
76,Ponyta,Fire,,410,50,85,55,65,65,90,1,FALSE,포니타
77,Rapidash,Fire,,500,65,100,70,80,80,105,1,FALSE,날쌩마
78,Slowpoke,Water,Psychic,315,90,65,65,40,40,15,1,FALSE,야돈
79,Slowbro,Water,Psychic,490,95,75,110,100,80,30,1,FALSE,야도란
80,Magnemite,Electric,Steel,325,25,35,70,95,55,45,1,FALSE,코일
81,Magneton,Electric,Steel,465,50,60,95,120,70,70,1,FALSE,레어코일
82,Farfetch'd,Normal,Flying,352,52,65,55,58,62,60,1,FALSE,파오리
83,Doduo,Normal,Flying,310,35,85,45,35,35,75,1,FALSE,두두
84,Dodrio,Normal,Flying,460,60,110,70,60,60,100,1,FALSE,두트리오
85,Seel,Water,,325,65,45,55,45,70,45,1,FALSE,쥬쥬
86,Dewgong,Water,Ice,475,90,70,80,70,95,70,1,FALSE,쥬레곤
87,Grimer,Poison,,325,80,80,50,40,50,25,1,FALSE,질퍽이
88,Muk,Poison,,500,105,105,75,65,100,50,1,FALSE,질뻐기
89,Shellder,Water,,305,30,65,100,45,25,40,1,FALSE,셀러
90,Cloyster,Water,Ice,525,50,95,180,85,45,70,1,FALSE,파르셀
91,Gastly,Ghost,Poison,310,30,35,30,100,35,80,1,FALSE,고오스
92,Haunter,Ghost,Poison,405,45,50,45,115,55,95,1,FALSE,고우스트
93,Gengar,Ghost,Poison,500,60,65,60,130,75,110,1,FALSE,팬텀
94,Onix,Rock,Ground,385,35,45,160,30,45,70,1,FALSE,롱스톤
94,Drowzee,Psychic,,328,60,48,45,43,90,42,1,FALSE,슬리프
95,Hypno,Psychic,,483,85,73,70,73,115,67,1,FALSE,슬리퍼
96,Krabby,Water,,325,30,105,90,25,25,50,1,FALSE,크랩
97,Kingler,Water,,475,55,130,115,50,50,75,1,FALSE,킹크랩
98,Voltorb,Electric,,330,40,30,50,55,55,100,1,FALSE,찌리리공
99,Electrode,Electric,,480,60,50,70,80,80,140,1,FALSE,붐볼
100,Exeggcute,Grass,Psychic,325,60,40,80,60,45,40,1,FALSE,아라리
101,Exeggutor,Grass,Psychic,520,95,95,85,125,65,55,1,FALSE,나시
102,Cubone,Ground,,320,50,50,95,40,50,35,1,FALSE,탕구리
103,Marowak,Ground,,425,60,80,110,50,80,45,1,FALSE,텅구리
104,Hitmonlee,Fighting,,455,50,120,53,35,110,87,1,FALSE,시라소몬
105,Hitmonchan,Fighting,,455,50,105,79,35,110,76,1,FALSE,홍수몬
106,Lickitung,Normal,,385,90,55,75,60,75,30,1,FALSE,내루미
107,Koffing,Poison,,340,40,65,95,60,45,35,1,FALSE,또가스
108,Weezing,Poison,,490,65,90,120,85,70,60,1,FALSE,또도가스
109,Rhyhorn,Ground,Rock,345,80,85,95,30,30,25,1,FALSE,뿔카노
110,Rhydon,Ground,Rock,485,105,130,120,45,45,40,1,FALSE,코뿌리
111,Chansey,Normal,,450,250,5,5,35,105,50,1,FALSE,럭키
112,Tangela,Grass,,435,65,55,115,100,40,60,1,FALSE,덩쿠리
113,Kangaskhan,Normal,,490,105,95,80,40,80,90,1,FALSE,캥카
114,Horsea,Water,,295,30,40,70,70,25,60,1,FALSE,쏘드라
115,Seadra,Water,,440,55,65,95,95,45,85,1,FALSE,시드라
116,Goldeen,Water,,320,45,67,60,35,50,63,1,FALSE,콘치
117,Seaking,Water,,450,80,92,65,65,80,68,1,FALSE,왕콘치
118,Staryu,Water,,340,30,45,55,70,55,85,1,FALSE,별가사리
119,Starmie,Water,Psychic,520,60,75,85,100,85,115,1,FALSE,아쿠스타
120,Mr. Mime,Psychic,Fairy,460,40,45,65,100,120,90,1,FALSE,마임맨
121,Scyther,Bug,Flying,500,70,110,80,55,80,105,1,FALSE,스라크
122,Jynx,Ice,Psychic,455,65,50,35,115,95,95,1,FALSE,루주라
123,Electabuzz,Electric,,490,65,83,57,95,85,105,1,FALSE,에레브
124,Magmar,Fire,,495,65,95,57,100,85,93,1,FALSE,마그마
125,Pinsir,Bug,,500,65,125,100,55,70,85,1,FALSE,쁘사이저
127,Tauros,Normal,,490,75,100,95,40,70,110,1,FALSE,켄타로스
127,Magikarp,Water,,200,20,10,55,15,20,80,1,FALSE,잉어킹
128,Gyarados,Water,Flying,540,95,125,79,60,100,81,1,FALSE,갸라도스
129,Lapras,Water,Ice,535,130,85,80,85,95,60,1,FALSE,라프라스
130,Ditto,Normal,,288,48,48,48,48,48,48,1,FALSE,메타몽
130,Eevee,Normal,,325,55,55,50,45,65,55,1,FALSE,이브이
131,Vaporeon,Water,,525,130,65,60,110,95,65,1,FALSE,샤미드
132,Jolteon,Electric,,525,65,65,60,110,95,130,1,FALSE,쥬피썬더
133,Flareon,Fire,,525,65,130,60,95,110,65,1,FALSE,부스터
134,Porygon,Normal,,395,65,60,70,85,75,40,1,FALSE,폴리곤
135,Omanyte,Rock,Water,355,35,40,100,90,55,35,1,FALSE,암나이트
136,Omastar,Rock,Water,495,70,60,125,115,70,55,1,FALSE,암스타
137,Kabuto,Rock,Water,355,30,80,90,55,45,55,1,FALSE,투구
138,Kabutops,Rock,Water,495,60,115,105,65,70,80,1,FALSE,투구푸스
139,Aerodactyl,Rock,Flying,515,80,105,65,60,75,130,1,FALSE,프테라
141,Snorlax,Normal,,540,160,110,65,65,110,30,1,FALSE,잠만보
142,Articuno,Ice,Flying,580,90,85,100,95,125,85,1,TRUE,프리져
142,Zapdos,Electric,Flying,580,90,90,85,125,90,100,1,TRUE,썬더
143,Moltres,Fire,Flying,580,90,100,90,125,85,90,1,TRUE,파이어
144,Dratini,Dragon,,300,41,64,45,50,50,50,1,FALSE,미뇽
145,Dragonair,Dragon,,420,61,84,65,70,70,70,1,FALSE,신뇽
146,Dragonite,Dragon,Flying,600,91,134,95,100,100,80,1,FALSE,망나뇽
147,Mewtwo,Psychic,,680,106,110,90,154,90,130,1,TRUE,뮤츠
148,Mew,Psychic,,600,100,100,100,100,100,100,1,TRUE,뮤
149,Chikorita,Grass,,318,45,49,65,49,65,45,2,FALSE,치코리타
150,Bayleef,Grass,,405,60,62,80,63,80,60,2,FALSE,베이리프
151,Meganium,Grass,,525,80,82,100,83,100,80,2,FALSE,메가니움
152,Cyndaquil,Fire,,309,39,52,43,60,50,65,2,FALSE,브케인
153,Quilava,Fire,,405,58,64,58,80,65,80,2,FALSE,마그케인
154,Typhlosion,Fire,,534,78,84,78,109,85,100,2,FALSE,블레이범
155,Totodile,Water,,314,50,65,64,44,48,43,2,FALSE,리아코
156,Croconaw,Water,,405,65,80,80,59,63,58,2,FALSE,엘리게이
157,Feraligatr,Water,,530,85,105,100,79,83,78,2,FALSE,장크로다일
158,Sentret,Normal,,215,35,46,34,35,45,20,2,FALSE,꼬리선
159,Furret,Normal,,415,85,76,64,45,55,90,2,FALSE,다꼬리
160,Hoothoot,Normal,Flying,262,60,30,30,36,56,50,2,FALSE,부우부
161,Noctowl,Normal,Flying,442,100,50,50,76,96,70,2,FALSE,야부엉
162,Ledyba,Bug,Flying,265,40,20,30,40,80,55,2,FALSE,레디바
163,Ledian,Bug,Flying,390,55,35,50,55,110,85,2,FALSE,레디안
164,Spinarak,Bug,Poison,250,40,60,40,40,40,30,2,FALSE,페이검
165,Ariados,Bug,Poison,390,70,90,70,60,60,40,2,FALSE,아리아도스
166,Crobat,Poison,Flying,535,85,90,80,70,80,130,2,FALSE,크로뱃
167,Chinchou,Water,Electric,330,75,38,38,56,56,67,2,FALSE,초라기
168,Lanturn,Water,Electric,460,125,58,58,76,76,67,2,FALSE,랜턴
169,Pichu,Electric,,205,20,40,15,35,35,60,2,FALSE,피츄
170,Cleffa,Fairy,,218,50,25,28,45,55,15,2,FALSE,삐
171,Igglybuff,Normal,Fairy,210,90,30,15,40,20,15,2,FALSE,푸푸린
172,Togepi,Fairy,,245,35,20,65,40,65,20,2,FALSE,토게피
173,Togetic,Fairy,Flying,405,55,40,85,80,105,40,2,FALSE,토게틱
174,Natu,Psychic,Flying,320,40,50,45,70,45,70,2,FALSE,네이티
175,Xatu,Psychic,Flying,470,65,75,70,95,70,95,2,FALSE,네이티오
176,Mareep,Electric,,280,55,40,40,65,45,35,2,FALSE,메리프
177,Flaaffy,Electric,,365,70,55,55,80,60,45,2,FALSE,보송송
178,Ampharos,Electric,,510,90,75,85,115,90,55,2,FALSE,전룡
180,Bellossom,Grass,,490,75,80,95,90,100,50,2,FALSE,아르코
181,Marill,Water,Fairy,250,70,20,50,20,50,40,2,FALSE,마릴
181,Azumarill,Water,Fairy,420,100,50,80,60,80,50,2,FALSE,마릴리
182,Sudowoodo,Rock,,410,70,100,115,30,65,30,2,FALSE,꼬지모
183,Politoed,Water,,500,90,75,75,90,100,70,2,FALSE,왕구리
184,Hoppip,Grass,Flying,250,35,35,40,35,55,50,2,FALSE,통통코
185,Skiploom,Grass,Flying,340,55,45,50,45,65,80,2,FALSE,두코
186,Jumpluff,Grass,Flying,460,75,55,70,55,95,110,2,FALSE,솜솜코
187,Aipom,Normal,,360,55,70,55,40,55,85,2,FALSE,에이팜
188,Sunkern,Grass,,180,30,30,30,30,30,30,2,FALSE,해너츠
189,Sunflora,Grass,,425,75,75,55,105,85,30,2,FALSE,해루미
190,Yanma,Bug,Flying,390,65,65,45,75,45,95,2,FALSE,왕자리
191,Wooper,Water,Ground,210,55,45,45,25,25,15,2,FALSE,우파
192,Quagsire,Water,Ground,430,95,85,85,65,65,35,2,FALSE,누오
193,Espeon,Psychic,,525,65,65,60,130,95,110,2,FALSE,에브이
194,Umbreon,Dark,,525,95,65,110,60,130,65,2,FALSE,블래키
195,Murkrow,Dark,Flying,405,60,85,42,85,42,91,2,FALSE,니로우
196,Slowking,Water,Psychic,490,95,75,80,100,110,30,2,FALSE,야도킹
197,Misdreavus,Ghost,,435,60,60,60,85,85,85,2,FALSE,무우마
198,Unown,Psychic,,336,48,72,48,72,48,48,2,FALSE,안농
199,Wobbuffet,Psychic,,405,190,33,58,33,58,33,2,FALSE,마자용
200,Girafarig,Normal,Psychic,455,70,80,65,90,65,85,2,FALSE,키링키
201,Pineco,Bug,,290,50,65,90,35,35,15,2,FALSE,피콘
202,Forretress,Bug,Steel,465,75,90,140,60,60,40,2,FALSE,쏘콘
203,Dunsparce,Normal,,415,100,70,70,65,65,45,2,FALSE,노고치
204,Gligar,Ground,Flying,430,65,75,105,35,65,85,2,FALSE,글라이거
205,Steelix,Steel,Ground,510,75,85,200,55,65,30,2,FALSE,강철톤
206,Snubbull,Fairy,,300,60,80,50,40,40,30,2,FALSE,블루
207,Granbull,Fairy,,450,90,120,75,60,60,45,2,FALSE,그랑블루
208,Qwilfish,Water,Poison,430,65,95,75,55,55,85,2,FALSE,침바루
209,Scizor,Bug,Steel,500,70,130,100,55,80,65,2,FALSE,핫삼
211,Shuckle,Bug,Rock,505,20,10,230,10,230,5,2,FALSE,단단지
212,Heracross,Bug,Fighting,500,80,125,75,40,95,85,2,FALSE,헤라크로스
213,Sneasel,Dark,Ice,430,55,95,55,35,75,115,2,FALSE,포푸니
214,Teddiursa,Normal,,330,60,80,50,50,50,40,2,FALSE,깜지곰
214,Ursaring,Normal,,500,90,130,75,75,75,55,2,FALSE,링곰
215,Slugma,Fire,,250,40,40,40,70,40,20,2,FALSE,마그마그
216,Magcargo,Fire,Rock,410,50,50,120,80,80,30,2,FALSE,마그카르고
217,Swinub,Ice,Ground,250,50,50,40,30,30,50,2,FALSE,꾸꾸리
218,Piloswine,Ice,Ground,450,100,100,80,60,60,50,2,FALSE,메꾸리
219,Corsola,Water,Rock,380,55,55,85,65,85,35,2,FALSE,코산호
220,Remoraid,Water,,300,35,65,35,65,35,65,2,FALSE,총어
221,Octillery,Water,,480,75,105,75,105,75,45,2,FALSE,대포무노
222,Delibird,Ice,Flying,330,45,55,45,65,45,75,2,FALSE,딜리버드
223,Mantine,Water,Flying,465,65,40,70,80,140,70,2,FALSE,만타인
224,Skarmory,Steel,Flying,465,65,80,140,40,70,70,2,FALSE,무장조
225,Houndour,Dark,Fire,330,45,60,30,80,50,65,2,FALSE,델빌
226,Houndoom,Dark,Fire,500,75,90,50,110,80,95,2,FALSE,헬가
228,Kingdra,Water,Dragon,540,75,95,95,95,95,85,2,FALSE,킹드라
229,Phanpy,Ground,,330,90,60,60,40,40,40,2,FALSE,코코리
229,Donphan,Ground,,500,90,120,120,60,60,50,2,FALSE,코리갑
230,Porygon2,Normal,,515,85,80,90,105,95,60,2,FALSE,폴리곤2
231,Stantler,Normal,,465,73,95,62,85,65,85,2,FALSE,노라키
232,Smeargle,Normal,,250,55,20,35,20,45,75,2,FALSE,루브도
233,Tyrogue,Fighting,,210,35,35,35,35,35,35,2,FALSE,배루키
234,Hitmontop,Fighting,,455,50,95,95,35,110,70,2,FALSE,카포에라
235,Smoochum,Ice,Psychic,305,45,30,15,85,65,65,2,FALSE,뽀뽀라
236,Elekid,Electric,,360,45,63,37,65,55,95,2,FALSE,에레키드
237,Magby,Fire,,365,45,75,37,70,55,83,2,FALSE,마그비
238,Miltank,Normal,,490,95,80,105,40,70,100,2,FALSE,밀탱크
239,Blissey,Normal,,540,255,10,10,75,135,55,2,FALSE,해피너스
240,Raikou,Electric,,580,90,85,75,115,100,115,2,TRUE,라이코
241,Entei,Fire,,580,115,115,85,90,75,100,2,TRUE,앤테이
242,Suicune,Water,,580,100,75,115,90,115,85,2,TRUE,스이쿤
243,Larvitar,Rock,Ground,300,50,64,50,45,50,41,2,FALSE,애버라스
244,Pupitar,Rock,Ground,410,70,84,70,65,70,51,2,FALSE,데기라스
245,Tyranitar,Rock,Dark,600,100,134,110,95,100,61,2,FALSE,마기라스
247,Lugia,Psychic,Flying,680,106,90,130,90,154,110,2,TRUE,루기아
248,Ho-oh,Fire,Flying,680,106,130,90,110,154,90,2,TRUE,칠색조
248,Celebi,Psychic,Grass,600,100,100,100,100,100,100,2,TRUE,세레비
249,Treecko,Grass,,310,40,45,35,65,55,70,3,FALSE,나무지기
250,Grovyle,Grass,,405,50,65,45,85,65,95,3,FALSE,나무돌이
251,Sceptile,Grass,,530,70,85,65,105,85,120,3,FALSE,나무킹
253,Torchic,Fire,,310,45,60,40,70,50,45,3,FALSE,아차모
254,Combusken,Fire,Fighting,405,60,85,60,85,60,55,3,TRUE,영치코
254,Blaziken,Fire,Fighting,530,80,120,70,110,70,80,3,TRUE,번치코
256,Mudkip,Water,,310,50,70,50,50,50,40,3,FALSE,물짱이
257,Marshtomp,Water,Ground,405,70,85,70,60,70,50,3,FALSE,늪짱이
257,Swampert,Water,Ground,535,100,110,90,85,90,60,3,FALSE,대짱이
259,Poochyena,Dark,,220,35,55,35,30,30,35,3,FALSE,포챠나
260,Mightyena,Dark,,420,70,90,70,60,60,70,3,FALSE,그라에나
260,Zigzagoon,Normal,,240,38,30,41,30,41,60,3,FALSE,지그제구리
261,Linoone,Normal,,420,78,70,61,50,61,100,3,FALSE,직구리
262,Wurmple,Bug,,195,45,45,35,20,30,20,3,FALSE,개무소
263,Silcoon,Bug,,205,50,35,55,25,25,15,3,FALSE,실쿤
264,Beautifly,Bug,Flying,395,60,70,50,100,50,65,3,FALSE,뷰티플라이
265,Cascoon,Bug,,205,50,35,55,25,25,15,3,FALSE,카스쿤
266,Dustox,Bug,Poison,385,60,50,70,50,90,65,3,FALSE,독케일
267,Lotad,Water,Grass,220,40,30,30,40,50,30,3,FALSE,연꽃몬
268,Lombre,Water,Grass,340,60,50,50,60,70,50,3,FALSE,로토스
269,Ludicolo,Water,Grass,480,80,70,70,90,100,70,3,FALSE,로파파
270,Seedot,Grass,,220,40,40,50,30,30,30,3,FALSE,도토링
271,Nuzleaf,Grass,Dark,340,70,70,40,60,40,60,3,FALSE,잎새코
272,Shiftry,Grass,Dark,480,90,100,60,90,60,80,3,FALSE,다탱구
273,Taillow,Normal,Flying,270,40,55,30,30,30,85,3,FALSE,테일로
274,Swellow,Normal,Flying,430,60,85,60,50,50,125,3,FALSE,스왈로
275,Wingull,Water,Flying,270,40,30,30,55,30,85,3,FALSE,갈모매
276,Pelipper,Water,Flying,430,60,50,100,85,70,65,3,FALSE,패리퍼
277,Ralts,Psychic,Fairy,198,28,25,25,45,35,40,3,FALSE,랄토스
278,Kirlia,Psychic,Fairy,278,38,35,35,65,55,50,3,FALSE,킬리아
279,Gardevoir,Psychic,Fairy,518,68,65,65,125,115,80,3,FALSE,가디안
281,Surskit,Bug,Water,269,40,30,32,50,52,65,3,FALSE,비구술
282,Masquerain,Bug,Flying,414,70,60,62,80,82,60,3,FALSE,비나방
282,Shroomish,Grass,,295,60,40,60,40,60,35,3,FALSE,버섯꼬
283,Breloom,Grass,Fighting,460,60,130,80,60,60,70,3,FALSE,버섯모
284,Slakoth,Normal,,280,60,60,60,35,35,30,3,FALSE,게을로
285,Vigoroth,Normal,,440,80,80,80,55,55,90,3,FALSE,발바로
286,Slaking,Normal,,670,150,160,100,95,65,100,3,FALSE,게을킹
287,Nincada,Bug,Ground,266,31,45,90,30,30,40,3,FALSE,토중몬
288,Ninjask,Bug,Flying,456,61,90,45,50,50,160,3,FALSE,아이스크
289,Shedinja,Bug,Ghost,236,1,90,45,30,30,40,3,FALSE,껍질몬
290,Whismur,Normal,,240,64,51,23,51,23,28,3,FALSE,소곤룡
291,Loudred,Normal,,360,84,71,43,71,43,48,3,FALSE,노공룡
292,Exploud,Normal,,490,104,91,63,91,73,68,3,FALSE,폭음룡
293,Makuhita,Fighting,,237,72,60,30,20,30,25,3,FALSE,마크탕
294,Hariyama,Fighting,,474,144,120,60,40,60,50,3,FALSE,하리뭉
295,Azurill,Normal,Fairy,190,50,20,40,20,40,20,3,FALSE,루리리
296,Nosepass,Rock,,375,30,45,135,45,90,30,3,FALSE,코코파스
297,Skitty,Normal,,260,50,45,45,35,35,50,3,FALSE,에나비
298,Delcatty,Normal,,380,70,65,65,55,55,70,3,FALSE,델케티
299,Sableye,Dark,Ghost,380,50,75,75,65,65,50,3,FALSE,깜까미
301,Mawile,Steel,Fairy,380,50,85,85,55,55,50,3,FALSE,입치트
302,Aron,Steel,Rock,330,50,70,100,40,40,30,3,FALSE,가보리
303,Lairon,Steel,Rock,430,60,90,140,50,50,40,3,FALSE,갱도라
303,Aggron,Steel,Rock,530,70,110,180,60,60,50,3,FALSE,보스로라
305,Meditite,Fighting,Psychic,280,30,40,55,40,55,60,3,FALSE,요가랑
306,Medicham,Fighting,Psychic,410,60,60,75,60,75,80,3,FALSE,요가램
307,Electrike,Electric,,295,40,45,40,65,40,65,3,FALSE,썬더라이
308,Manectric,Electric,,475,70,75,60,105,60,105,3,FALSE,썬더볼트
309,Plusle,Electric,,405,60,50,40,85,75,95,3,FALSE,플러시
310,Minun,Electric,,405,60,40,50,75,85,95,3,FALSE,마이농
310,Volbeat,Bug,,400,65,73,55,47,75,85,3,FALSE,볼비트
311,Illumise,Bug,,400,65,47,55,73,75,85,3,FALSE,네오비트
312,Roselia,Grass,Poison,400,50,60,45,100,80,65,3,FALSE,로젤리아
313,Gulpin,Poison,,302,70,43,53,43,53,40,3,FALSE,꼴깍몬
314,Swalot,Poison,,467,100,73,83,73,83,55,3,FALSE,꿀꺽몬
315,Carvanha,Water,Dark,305,45,90,20,65,20,65,3,FALSE,샤프니아
316,Sharpedo,Water,Dark,460,70,120,40,95,40,95,3,FALSE,샤크니아
318,Wailmer,Water,,400,130,70,35,70,35,60,3,FALSE,고래왕자
319,Wailord,Water,,500,170,90,45,90,45,60,3,FALSE,고래왕
319,Numel,Fire,Ground,305,60,60,40,65,45,35,3,FALSE,둔타
320,Camerupt,Fire,Ground,460,70,100,70,105,75,40,3,FALSE,폭타
322,Torkoal,Fire,,470,70,85,140,85,70,20,3,FALSE,코터스
323,Spoink,Psychic,,330,60,25,35,70,80,60,3,FALSE,피그점프
323,Grumpig,Psychic,,470,80,45,65,90,110,80,3,FALSE,피그킹
324,Spinda,Normal,,360,60,60,60,60,60,60,3,FALSE,얼루기
325,Trapinch,Ground,,290,45,100,45,45,45,10,3,FALSE,톱치
326,Vibrava,Ground,Dragon,340,50,70,50,50,50,70,3,FALSE,비브라바
327,Flygon,Ground,Dragon,520,80,100,80,80,80,100,3,FALSE,플라이곤
328,Cacnea,Grass,,335,50,85,40,85,40,35,3,FALSE,선인왕
329,Cacturne,Grass,Dark,475,70,115,60,115,60,55,3,FALSE,밤선인
330,Swablu,Normal,Flying,310,45,40,60,40,75,50,3,FALSE,파비코
331,Altaria,Dragon,Flying,490,75,70,90,70,105,80,3,FALSE,파비코리
332,Zangoose,Normal,,458,73,115,60,60,60,90,3,FALSE,쟝고
333,Seviper,Poison,,458,73,100,60,100,60,65,3,FALSE,세비퍼
334,Lunatone,Rock,Psychic,440,70,55,65,95,85,70,3,FALSE,루나톤
334,Solrock,Rock,Psychic,440,70,95,85,55,65,70,3,FALSE,솔록
335,Barboach,Water,Ground,288,50,48,43,46,41,60,3,FALSE,미꾸리
336,Whiscash,Water,Ground,468,110,78,73,76,71,60,3,FALSE,메깅
337,Corphish,Water,,308,43,80,65,50,35,35,3,FALSE,가재군
338,Crawdaunt,Water,Dark,468,63,120,85,90,55,55,3,FALSE,가재장군
339,Baltoy,Ground,Psychic,300,40,40,55,40,70,55,3,FALSE,오뚝군
340,Claydol,Ground,Psychic,500,60,70,105,70,120,75,3,FALSE,점토도리
341,Lileep,Rock,Grass,355,66,41,77,61,87,23,3,FALSE,릴링
342,Cradily,Rock,Grass,495,86,81,97,81,107,43,3,FALSE,릴리요
343,Anorith,Rock,Bug,355,45,95,50,40,50,75,3,FALSE,아노딥스
344,Armaldo,Rock,Bug,495,75,125,100,70,80,45,3,FALSE,아말도
345,Feebas,Water,,200,20,15,20,10,55,80,3,FALSE,빈티나
346,Milotic,Water,,540,95,60,79,100,125,81,3,FALSE,밀로틱
347,Castform,Normal,,420,70,70,70,70,70,70,3,FALSE,캐스퐁
348,Kecleon,Normal,,440,60,90,70,60,120,40,3,FALSE,켈리몬
349,Shuppet,Ghost,,295,44,75,35,63,33,45,3,FALSE,어둠대신
350,Banette,Ghost,,455,64,115,65,83,63,65,3,FALSE,다크펫
351,Duskull,Ghost,,295,20,40,90,30,90,25,3,FALSE,해골몽
352,Dusclops,Ghost,,455,40,70,130,60,130,25,3,FALSE,미라몽
353,Tropius,Grass,Flying,460,99,68,83,72,87,51,3,FALSE,트로피우스
354,Chimecho,Psychic,,425,65,50,70,95,80,65,3,FALSE,치렁
354,Absol,Dark,,465,65,130,60,75,60,75,3,FALSE,앱솔
355,Wynaut,Psychic,,260,95,23,48,23,48,23,3,FALSE,마자
356,Snorunt,Ice,,300,50,50,50,50,50,50,3,FALSE,눈꼬마
357,Glalie,Ice,,480,80,80,80,80,80,80,3,FALSE,얼음귀신
358,Spheal,Ice,Water,290,70,40,50,55,50,25,3,FALSE,대굴레오
359,Sealeo,Ice,Water,410,90,60,70,75,70,45,3,FALSE,씨레오
359,Walrein,Ice,Water,530,110,80,90,95,90,65,3,FALSE,씨카이저
360,Clamperl,Water,,345,35,64,85,74,55,32,3,FALSE,진주몽
361,Huntail,Water,,485,55,104,105,94,75,52,3,FALSE,헌테일
362,Gorebyss,Water,,485,55,84,105,114,75,52,3,FALSE,분홍장이
362,Relicanth,Water,Rock,485,100,90,130,45,65,55,3,FALSE,시라칸
363,Luvdisc,Water,,330,43,30,55,40,65,97,3,FALSE,사랑동이
364,Bagon,Dragon,,300,45,75,60,40,30,50,3,FALSE,아공이
365,Shelgon,Dragon,,420,65,95,100,60,50,50,3,FALSE,쉘곤
366,Salamence,Dragon,Flying,600,95,135,80,110,80,100,3,FALSE,보만다
367,Beldum,Steel,Psychic,300,40,55,80,35,60,30,3,FALSE,메탕
368,Metang,Steel,Psychic,420,60,75,100,55,80,50,3,FALSE,메탕구
369,Metagross,Steel,Psychic,600,80,135,130,95,90,70,3,FALSE,메타그로스
370,Regirock,Rock,,580,80,100,200,50,100,50,3,FALSE,레지락
372,Regice,Ice,,580,80,50,100,100,200,50,3,FALSE,레지아이스
373,Registeel,Steel,,580,80,75,150,75,150,50,3,FALSE,레지스틸
373,Latias,Dragon,Psychic,600,80,80,90,110,130,110,3,TRUE,라티아스
375,Latios,Dragon,Psychic,600,80,90,80,130,110,110,3,TRUE,라티오스
376,Kyogre,Water,,670,100,100,90,150,140,90,3,TRUE,가이오가
376,KyogrePrimal Kyogre,Water,,770,100,150,90,180,160,90,3,TRUE,원시가이오가
377,Groudon,Ground,,670,100,150,140,100,90,90,3,TRUE,그란돈
378,GroudonPrimal Groudon,Ground,Fire,770,100,180,160,150,90,90,3,TRUE,원시그란돈
379,Rayquaza,Dragon,Flying,680,105,150,90,150,90,95,3,TRUE,레쿠쟈
380,RayquazaMega Rayquaza,Dragon,Flying,780,105,180,100,180,100,115,3,TRUE,메가레쿠쟈
380,Jirachi,Steel,Psychic,600,100,100,100,100,100,100,3,TRUE,지라치
381,DeoxysNormal Forme,Psychic,,600,50,150,50,150,50,150,3,TRUE,테오키스(노말)
381,DeoxysAttack Forme,Psychic,,600,50,180,20,180,20,150,3,TRUE,테오키스(공격)
382,DeoxysDefense Forme,Psychic,,600,50,70,160,70,160,90,3,TRUE,테오키스(방어)
382,DeoxysSpeed Forme,Psychic,,600,50,95,90,95,90,180,3,TRUE,테오키스(스피드)
383,Turtwig,Grass,,318,55,68,64,45,55,31,4,FALSE,모부기
383,Grotle,Grass,,405,75,89,85,55,65,36,4,FALSE,수풀부기
384,Torterra,Grass,Ground,525,95,109,105,75,85,56,4,FALSE,토대부기
384,Chimchar,Fire,,309,44,58,44,58,44,61,4,FALSE,불꽃숭이
385,Monferno,Fire,Fighting,405,64,78,52,78,52,81,4,FALSE,파이숭이
386,Infernape,Fire,Fighting,534,76,104,71,104,71,108,4,FALSE,초염몽
386,Piplup,Water,,314,53,51,53,61,56,40,4,FALSE,팽도리
386,Prinplup,Water,,405,64,66,68,81,76,50,4,FALSE,팽태자
386,Empoleon,Water,Steel,530,84,86,88,111,101,60,4,FALSE,엠페르트
387,Starly,Normal,Flying,245,40,55,30,30,30,60,4,FALSE,찌르꼬
388,Staravia,Normal,Flying,340,55,75,50,40,40,80,4,FALSE,찌르버드
389,Staraptor,Normal,Flying,485,85,120,70,50,60,100,4,FALSE,찌르호크
390,Bidoof,Normal,,250,59,45,40,35,40,31,4,FALSE,비버니
391,Bibarel,Normal,Water,410,79,85,60,55,60,71,4,FALSE,비버통
392,Kricketot,Bug,,194,37,25,41,25,41,25,4,FALSE,귀뚤뚜기
393,Kricketune,Bug,,384,77,85,51,55,51,65,4,FALSE,귀뚤톡크
394,Shinx,Electric,,263,45,65,34,40,34,45,4,FALSE,꼬링크
395,Luxio,Electric,,363,60,85,49,60,49,60,4,FALSE,럭시오
396,Luxray,Electric,,523,80,120,79,95,79,70,4,FALSE,렌트라
397,Budew,Grass,Poison,280,40,30,35,50,70,55,4,FALSE,꼬몽울
398,Roserade,Grass,Poison,515,60,70,65,125,105,90,4,FALSE,로즈레이드
399,Cranidos,Rock,,350,67,125,40,30,30,58,4,FALSE,두개도스
400,Rampardos,Rock,,495,97,165,60,65,50,58,4,FALSE,램펄드
401,Shieldon,Rock,Steel,350,30,42,118,42,88,30,4,FALSE,방패톱스
402,Bastiodon,Rock,Steel,495,60,52,168,47,138,30,4,FALSE,바리톱스
403,Burmy,Bug,,224,40,29,45,29,45,36,4,FALSE,도롱충이
404,WormadamPlant Cloak,Bug,Grass,424,60,59,85,79,105,36,4,FALSE,도롱마담
405,WormadamSandy Cloak,Bug,Ground,424,60,79,105,59,85,36,4,FALSE,도롱마담
406,WormadamTrash Cloak,Bug,Steel,424,60,69,95,69,95,36,4,FALSE,도롱마담
407,Mothim,Bug,Flying,424,70,94,50,94,50,66,4,FALSE,나메일
408,Combee,Bug,Flying,244,30,30,42,30,42,70,4,FALSE,세꿀버리
409,Vespiquen,Bug,Flying,474,70,80,102,80,102,40,4,FALSE,비퀸
410,Pachirisu,Electric,,405,60,45,70,45,90,95,4,FALSE,파치리스
411,Buizel,Water,,330,55,65,35,60,30,85,4,FALSE,브이젤
412,Floatzel,Water,,495,85,105,55,85,50,115,4,FALSE,플로젤
413,Cherubi,Grass,,275,45,35,45,62,53,35,4,FALSE,체리버
413,Cherrim,Grass,,450,70,60,70,87,78,85,4,FALSE,체리꼬
413,Shellos,Water,,325,76,48,48,57,62,34,4,FALSE,깝질무
414,Gastrodon,Water,Ground,475,111,83,68,92,82,39,4,FALSE,트리토돈
415,Ambipom,Normal,,482,75,100,66,60,66,115,4,FALSE,겟핸보숭
416,Drifloon,Ghost,Flying,348,90,50,34,60,44,70,4,FALSE,흔들풍손
417,Drifblim,Ghost,Flying,498,150,80,44,90,54,80,4,FALSE,둥실라이드
418,Buneary,Normal,,350,55,66,44,44,56,85,4,FALSE,이어롤
419,Lopunny,Normal,,480,65,76,84,54,96,105,4,FALSE,이어롭
420,Mismagius,Ghost,,495,60,60,60,105,105,105,4,FALSE,무우마직
421,Honchkrow,Dark,Flying,505,100,125,52,105,52,71,4,FALSE,돈크로우
422,Glameow,Normal,,310,49,55,42,42,37,85,4,FALSE,나옹마
423,Purugly,Normal,,452,71,82,64,64,59,112,4,FALSE,몬냥이
424,Chingling,Psychic,,285,45,30,50,65,50,45,4,FALSE,랑딸랑
425,Stunky,Poison,Dark,329,63,63,47,41,41,74,4,FALSE,스컹뿡
427,Skuntank,Poison,Dark,479,103,93,67,71,61,84,4,FALSE,스컹탱크
428,Bronzor,Steel,Psychic,300,57,24,86,24,86,23,4,FALSE,동미러
428,Bronzong,Steel,Psychic,500,67,89,116,79,116,33,4,FALSE,동탁군
429,Bonsly,Rock,,290,50,80,95,10,45,10,4,FALSE,꼬지지
430,Mime Jr.,Psychic,Fairy,310,20,25,45,70,90,60,4,FALSE,흉내내
431,Happiny,Normal,,220,100,5,5,15,65,30,4,FALSE,핑복
432,Chatot,Normal,Flying,411,76,65,45,92,42,91,4,FALSE,페라페
433,Spiritomb,Ghost,Dark,485,50,92,108,92,108,35,4,FALSE,화강돌
434,Gible,Dragon,Ground,300,58,70,45,40,45,42,4,FALSE,딥상어동
435,Gabite,Dragon,Ground,410,68,90,65,50,55,82,4,FALSE,한바이트
436,Garchomp,Dragon,Ground,600,108,130,95,80,85,102,4,FALSE,한카리아스
437,Munchlax,Normal,,390,135,85,40,40,85,5,4,FALSE,먹고자
438,Riolu,Fighting,,285,40,70,40,35,40,60,4,FALSE,리오르
439,Lucario,Fighting,Steel,525,70,110,70,115,70,90,4,FALSE,루카리오
440,Hippopotas,Ground,,330,68,72,78,38,42,32,4,FALSE,히포포타스
441,Hippowdon,Ground,,525,108,112,118,68,72,47,4,FALSE,하마돈
442,Skorupi,Poison,Bug,330,40,50,90,30,55,65,4,FALSE,스콜피
444,Drapion,Poison,Dark,500,70,90,110,60,75,95,4,FALSE,드래피온
445,Croagunk,Poison,Fighting,300,48,61,40,61,40,50,4,FALSE,삐딱구리
445,Toxicroak,Poison,Fighting,490,83,106,65,86,65,85,4,FALSE,독개굴
446,Carnivine,Grass,,454,74,100,72,90,72,46,4,FALSE,무스틈니
447,Finneon,Water,,330,49,49,56,49,61,66,4,FALSE,형광어
448,Lumineon,Water,,460,69,69,76,69,86,91,4,FALSE,네오라이트
448,Mantyke,Water,Flying,345,45,20,50,60,120,50,4,FALSE,타만타
449,Snover,Grass,Ice,334,60,62,50,62,60,40,4,FALSE,눈쓰개
450,Abomasnow,Grass,Ice,494,90,92,75,92,85,60,4,FALSE,눈설왕
451,Weavile,Dark,Ice,510,70,120,65,45,85,125,4,FALSE,포푸니라
452,Magnezone,Electric,Steel,535,70,70,115,130,90,60,4,FALSE,자포코일
453,Lickilicky,Normal,,515,110,85,95,80,95,50,4,FALSE,내룸벨트
454,Rhyperior,Ground,Rock,535,115,140,130,55,55,40,4,FALSE,거대코뿌리
455,Tangrowth,Grass,,535,100,100,125,110,50,50,4,FALSE,덩쿠림보
456,Electivire,Electric,,540,75,123,67,95,85,95,4,FALSE,에레키블
457,Magmortar,Fire,,540,75,95,67,125,95,83,4,FALSE,마그마번
459,Togekiss,Fairy,Flying,545,85,50,95,120,115,80,4,FALSE,토게키스
460,Yanmega,Bug,Flying,515,86,76,86,116,56,95,4,FALSE,메가자리
460,Leafeon,Grass,,525,65,110,130,60,65,95,4,FALSE,리피아
461,Glaceon,Ice,,525,65,60,110,130,95,65,4,FALSE,글레이시아
462,Gliscor,Ground,Flying,510,75,95,125,45,75,95,4,FALSE,글라이온
463,Mamoswine,Ice,Ground,530,110,130,80,70,60,80,4,FALSE,맘모꾸리
464,Porygon-Z,Normal,,535,85,80,70,135,75,90,4,FALSE,폴리곤Z
465,Gallade,Psychic,Fighting,518,68,125,65,65,115,80,4,FALSE,엘레이드
466,Probopass,Rock,Steel,525,60,55,145,75,150,40,4,FALSE,대코파스
467,Dusknoir,Ghost,,525,45,100,135,65,135,45,4,FALSE,야느와르몽
468,Froslass,Ice,Ghost,480,70,80,70,80,70,110,4,FALSE,눈여아
469,Rotom,Electric,Ghost,440,50,50,77,95,77,91,4,TRUE,로토무
470,RotomHeat Rotom,Electric,Fire,520,50,65,107,105,107,86,4,TRUE,히트로토무
471,RotomWash Rotom,Electric,Water,520,50,65,107,105,107,86,4,TRUE,워시로토무
472,RotomFrost Rotom,Electric,Ice,520,50,65,107,105,107,86,4,TRUE,프로스트로토무
474,RotomFan Rotom,Electric,Flying,520,50,65,107,105,107,86,4,TRUE,스핀로토무
475,RotomMow Rotom,Electric,Grass,520,50,65,107,105,107,86,4,TRUE,커트로토무
475,Uxie,Psychic,,580,75,75,130,75,130,95,4,TRUE,유크시
476,Mesprit,Psychic,,580,80,105,105,105,105,80,4,TRUE,엠라이트
477,Azelf,Psychic,,580,75,125,70,125,70,115,4,TRUE,아그놈
478,Dialga,Steel,Dragon,680,100,120,120,150,100,90,4,TRUE,디아루가
479,Palkia,Water,Dragon,680,90,120,100,150,120,100,4,TRUE,펄기아
479,Heatran,Fire,Steel,600,91,90,106,130,106,77,4,TRUE,히드런
479,Regigigas,Normal,,670,110,160,110,80,110,100,4,TRUE,레지기가스
479,GiratinaAltered Forme,Ghost,Dragon,680,150,100,120,100,120,90,4,TRUE,기라티나(어나더폼)
479,GiratinaOrigin Forme,Ghost,Dragon,680,150,120,100,120,100,90,4,TRUE,기라티나(오리진폼)
479,Cresselia,Psychic,,600,120,70,120,75,130,85,4,TRUE,크레세리아
480,Phione,Water,,480,80,80,80,80,80,80,4,TRUE,피오네
481,Manaphy,Water,,600,100,100,100,100,100,100,4,TRUE,마나피
482,Darkrai,Dark,,600,70,90,90,135,90,125,4,TRUE,다크라이
483,ShayminLand Forme,Grass,,600,100,100,100,100,100,100,4,TRUE,쉐이미(랜드폼)
484,ShayminSky Forme,Grass,Flying,600,100,103,75,120,75,127,4,TRUE,쉐이미(스카이폼)
485,Arceus,Normal,,720,120,120,120,120,120,120,4,TRUE,아르세우스
486,Victini,Psychic,Fire,600,100,100,100,100,100,100,5,TRUE,비크티니
487,Snivy,Grass,,308,45,45,55,45,55,63,5,FALSE,주리비얀
487,Servine,Grass,,413,60,60,75,60,75,83,5,FALSE,샤비
488,Serperior,Grass,,528,75,75,95,75,95,113,5,FALSE,샤로다
489,Tepig,Fire,,308,65,63,45,45,45,45,5,FALSE,뚜꾸리
490,Pignite,Fire,Fighting,418,90,93,55,70,55,55,5,FALSE,챠오꿀
491,Emboar,Fire,Fighting,528,110,123,65,100,65,65,5,FALSE,염무왕
492,Oshawott,Water,,308,55,55,45,63,45,45,5,FALSE,수댕이
492,Dewott,Water,,413,75,75,60,83,60,60,5,FALSE,쌍검자비
493,Samurott,Water,,528,95,100,85,108,70,70,5,FALSE,대검귀
494,Patrat,Normal,,255,45,55,39,35,39,42,5,FALSE,보르쥐
495,Watchog,Normal,,420,60,85,69,60,69,77,5,FALSE,보르그
496,Lillipup,Normal,,275,45,60,45,25,45,55,5,FALSE,요테리
497,Herdier,Normal,,370,65,80,65,35,65,60,5,FALSE,하데리어
498,Stoutland,Normal,,500,85,110,90,45,90,80,5,FALSE,바랜드
499,Purrloin,Dark,,281,41,50,37,50,37,66,5,FALSE,쌔비냥
500,Liepard,Dark,,446,64,88,50,88,50,106,5,FALSE,레파르다스
501,Pansage,Grass,,316,50,53,48,53,48,64,5,FALSE,야나프
502,Simisage,Grass,,498,75,98,63,98,63,101,5,FALSE,야나키
503,Pansear,Fire,,316,50,53,48,53,48,64,5,FALSE,바오프
504,Simisear,Fire,,498,75,98,63,98,63,101,5,FALSE,바오키
505,Panpour,Water,,316,50,53,48,53,48,64,5,FALSE,앗차프
506,Simipour,Water,,498,75,98,63,98,63,101,5,FALSE,앗차키
507,Munna,Psychic,,292,76,25,45,67,55,24,5,FALSE,몽나
508,Musharna,Psychic,,487,116,55,85,107,95,29,5,FALSE,몽얌나
509,Pidove,Normal,Flying,264,50,55,50,36,30,43,5,FALSE,콩둘기
510,Tranquill,Normal,Flying,358,62,77,62,50,42,65,5,FALSE,유토브
511,Unfezant,Normal,Flying,488,80,115,80,65,55,93,5,FALSE,켄호로우
512,Blitzle,Electric,,295,45,60,32,50,32,76,5,FALSE,줄뮤마
513,Zebstrika,Electric,,497,75,100,63,80,63,116,5,FALSE,제브라이카
514,Roggenrola,Rock,,280,55,75,85,25,25,15,5,FALSE,단굴
515,Boldore,Rock,,390,70,105,105,50,40,20,5,FALSE,암트르
516,Gigalith,Rock,,515,85,135,130,60,80,25,5,FALSE,기가이어스
517,Woobat,Psychic,Flying,313,55,45,43,55,43,72,5,FALSE,또르박쥐
518,Swoobat,Psychic,Flying,425,67,57,55,77,55,114,5,FALSE,맘박쥐
519,Drilbur,Ground,,328,60,85,40,30,45,68,5,FALSE,두더류
520,Excadrill,Ground,Steel,508,110,135,60,50,65,88,5,FALSE,몰드류
521,Audino,Normal,,445,103,60,86,60,86,50,5,FALSE,다부니
522,Timburr,Fighting,,305,75,80,55,25,35,35,5,FALSE,으랏차
523,Gurdurr,Fighting,,405,85,105,85,40,50,40,5,FALSE,토쇠골
524,Conkeldurr,Fighting,,505,105,140,95,55,65,45,5,FALSE,노보청
525,Tympole,Water,,294,50,50,40,50,40,64,5,FALSE,동챙이
526,Palpitoad,Water,Ground,384,75,65,55,65,55,69,5,FALSE,두까비
527,Seismitoad,Water,Ground,509,105,95,75,85,75,74,5,FALSE,두빅굴
528,Throh,Fighting,,465,120,100,85,30,85,45,5,FALSE,던지미
530,Sawk,Fighting,,465,75,125,75,30,75,85,5,FALSE,타격귀
531,Sewaddle,Bug,Grass,310,45,53,70,40,60,42,5,FALSE,두르보
531,Swadloon,Bug,Grass,380,55,63,90,50,80,42,5,FALSE,두르쿤
532,Leavanny,Bug,Grass,500,75,103,80,70,80,92,5,FALSE,모아머
533,Venipede,Bug,Poison,260,30,45,59,30,39,57,5,FALSE,마디네
534,Whirlipede,Bug,Poison,360,40,55,99,40,79,47,5,FALSE,휠구
535,Scolipede,Bug,Poison,485,60,100,89,55,69,112,5,FALSE,펜드라
536,Cottonee,Grass,Fairy,280,40,27,60,37,50,66,5,FALSE,소미안
537,Whimsicott,Grass,Fairy,480,60,67,85,77,75,116,5,FALSE,엘풍
538,Petilil,Grass,,280,45,35,50,70,50,30,5,FALSE,치릴리
539,Lilligant,Grass,,480,70,60,75,110,75,90,5,FALSE,드레디어
540,Basculin,Water,,460,70,92,65,80,55,98,5,FALSE,배쓰나이
541,Sandile,Ground,Dark,292,50,72,35,35,35,65,5,FALSE,깜눈크
542,Krokorok,Ground,Dark,351,60,82,45,45,45,74,5,FALSE,악비르
543,Krookodile,Ground,Dark,519,95,117,80,65,70,92,5,FALSE,악비아르
544,Darumaka,Fire,,315,70,90,45,15,45,50,5,FALSE,달막화
545,DarmanitanStandard Mode,Fire,,480,105,140,55,30,55,95,5,FALSE,불비달마
546,Maractus,Grass,,461,75,86,67,106,67,60,5,FALSE,마라카치
547,Dwebble,Bug,Rock,325,50,65,85,35,35,55,5,FALSE,돌살이
548,Crustle,Bug,Rock,475,70,95,125,65,75,45,5,FALSE,암팰리스
549,Scraggy,Dark,Fighting,348,50,75,70,35,70,48,5,FALSE,곤율랭
550,Scrafty,Dark,Fighting,488,65,90,115,45,115,58,5,FALSE,곤율거니
551,Sigilyph,Psychic,Flying,490,72,58,80,103,80,97,5,FALSE,심보러
552,Yamask,Ghost,,303,38,30,85,55,65,30,5,FALSE,데스마스
553,Cofagrigus,Ghost,,483,58,50,145,95,105,30,5,FALSE,데스니칸
554,Tirtouga,Water,Rock,355,54,78,103,53,45,22,5,FALSE,프로토가
555,Carracosta,Water,Rock,495,74,108,133,83,65,32,5,FALSE,늑골라
555,Archen,Rock,Flying,401,55,112,45,74,45,70,5,FALSE,아켄
556,Archeops,Rock,Flying,567,75,140,65,112,65,110,5,FALSE,아케오스
557,Trubbish,Poison,,329,50,50,62,40,62,65,5,FALSE,깨봉이
558,Garbodor,Poison,,474,80,95,82,60,82,75,5,FALSE,더스트나
559,Zorua,Dark,,330,40,65,40,80,40,65,5,FALSE,조로아
560,Zoroark,Dark,,510,60,105,60,120,60,105,5,FALSE,조로아크
561,Minccino,Normal,,300,55,50,40,40,40,75,5,FALSE,치라미
562,Cinccino,Normal,,470,75,95,60,65,60,115,5,FALSE,치라치노
563,Gothita,Psychic,,290,45,30,50,55,65,45,5,FALSE,고디탱
564,Gothorita,Psychic,,390,60,45,70,75,85,55,5,FALSE,고디보미
565,Gothitelle,Psychic,,490,70,55,95,95,110,65,5,FALSE,고디모아젤
566,Solosis,Psychic,,290,45,30,40,105,50,20,5,FALSE,유니란
567,Duosion,Psychic,,370,65,40,50,125,60,30,5,FALSE,듀란
568,Reuniclus,Psychic,,490,110,65,75,125,85,30,5,FALSE,란쿨루스
569,Ducklett,Water,Flying,305,62,44,50,44,50,55,5,FALSE,꼬지보리
570,Swanna,Water,Flying,473,75,87,63,87,63,98,5,FALSE,스완나
571,Vanillite,Ice,,305,36,50,50,65,60,44,5,FALSE,바닐프티
572,Vanillish,Ice,,395,51,65,65,80,75,59,5,FALSE,바닐리치
573,Vanilluxe,Ice,,535,71,95,85,110,95,79,5,FALSE,배바닐라
574,Deerling,Normal,Grass,335,60,60,50,40,50,75,5,FALSE,사철록
575,Sawsbuck,Normal,Grass,475,80,100,70,60,70,95,5,FALSE,바라철록
576,Emolga,Electric,Flying,428,55,75,60,75,60,103,5,FALSE,에몽가
577,Karrablast,Bug,,315,50,75,45,40,45,60,5,FALSE,딱정곤
578,Escavalier,Bug,Steel,495,70,135,105,60,105,20,5,FALSE,슈바르고
579,Foongus,Grass,Poison,294,69,55,45,55,55,15,5,FALSE,깜놀버슬
580,Amoonguss,Grass,Poison,464,114,85,70,85,80,30,5,FALSE,뽀록나
581,Frillish,Water,Ghost,335,55,40,50,65,85,40,5,FALSE,탱그릴
582,Jellicent,Water,Ghost,480,100,60,70,85,105,60,5,FALSE,탱탱겔
583,Alomomola,Water,,470,165,75,80,40,45,65,5,FALSE,맘복치
584,Joltik,Bug,Electric,319,50,47,50,57,50,65,5,FALSE,파쪼옥
585,Galvantula,Bug,Electric,472,70,77,60,97,60,108,5,FALSE,전툴라
586,Ferroseed,Grass,Steel,305,44,50,91,24,86,10,5,FALSE,철시드
587,Ferrothorn,Grass,Steel,489,74,94,131,54,116,20,5,FALSE,너트령
588,Klink,Steel,,300,40,55,70,45,60,30,5,FALSE,기어르
589,Klang,Steel,,440,60,80,95,70,85,50,5,FALSE,기기어르
590,Klinklang,Steel,,520,60,100,115,70,85,90,5,FALSE,기기기어르
591,Tynamo,Electric,,275,35,55,40,45,40,60,5,FALSE,저리어
592,Eelektrik,Electric,,405,65,85,70,75,70,40,5,FALSE,저리릴
593,Eelektross,Electric,,515,85,115,80,105,80,50,5,FALSE,저리더프
594,Elgyem,Psychic,,335,55,55,55,85,55,30,5,FALSE,리그레
595,Beheeyem,Psychic,,485,75,75,75,125,95,40,5,FALSE,벰크
596,Litwick,Ghost,Fire,275,50,30,55,65,55,20,5,FALSE,불켜미
597,Lampent,Ghost,Fire,370,60,40,60,95,60,55,5,FALSE,램프라
598,Chandelure,Ghost,Fire,520,60,55,90,145,90,80,5,FALSE,샹델라
599,Axew,Dragon,,320,46,87,60,30,40,57,5,FALSE,터검니
600,Fraxure,Dragon,,410,66,117,70,40,50,67,5,FALSE,액슨도
601,Haxorus,Dragon,,540,76,147,90,60,70,97,5,FALSE,액스라이즈
602,Cubchoo,Ice,,305,55,70,40,60,40,40,5,FALSE,코고미
603,Beartic,Ice,,485,95,110,80,70,80,50,5,FALSE,툰베어
604,Cryogonal,Ice,,485,70,50,30,95,135,105,5,FALSE,프리지오
605,Shelmet,Bug,,305,50,40,85,40,65,25,5,FALSE,쪼마리
606,Accelgor,Bug,,495,80,70,40,100,60,145,5,FALSE,어지리더
607,Stunfisk,Ground,Electric,471,109,66,84,81,99,32,5,FALSE,메더
608,Mienfoo,Fighting,,350,45,85,50,55,50,65,5,FALSE,비조푸
609,Mienshao,Fighting,,510,65,125,60,95,60,105,5,FALSE,비조도
610,Druddigon,Dragon,,485,77,120,90,60,90,48,5,FALSE,크리만
611,Golett,Ground,Ghost,303,59,74,50,35,50,35,5,FALSE,골비람
612,Golurk,Ground,Ghost,483,89,124,80,55,80,55,5,FALSE,골루그
613,Pawniard,Dark,Steel,340,45,85,70,40,40,60,5,FALSE,자망칼
614,Bisharp,Dark,Steel,490,65,125,100,60,70,70,5,FALSE,절각참
615,Bouffalant,Normal,,490,95,110,95,40,95,55,5,FALSE,버프론
616,Rufflet,Normal,Flying,350,70,83,50,37,50,60,5,FALSE,수리둥보
617,Braviary,Normal,Flying,510,100,123,75,57,75,80,5,FALSE,워글
618,Vullaby,Dark,Flying,370,70,55,75,45,65,60,5,FALSE,벌차이
619,Mandibuzz,Dark,Flying,510,110,65,105,55,95,80,5,FALSE,버랜지나
620,Heatmor,Fire,,484,85,97,66,105,66,65,5,FALSE,앤티골
621,Durant,Bug,Steel,484,58,109,112,48,48,109,5,FALSE,아이앤트
622,Deino,Dark,Dragon,300,52,65,50,45,50,38,5,FALSE,모노두
623,Zweilous,Dark,Dragon,420,72,85,70,65,70,58,5,FALSE,디헤드
624,Hydreigon,Dark,Dragon,600,92,105,90,125,90,98,5,FALSE,삼삼드래
625,Larvesta,Bug,Fire,360,55,85,55,50,55,60,5,FALSE,활화르바
626,Volcarona,Bug,Fire,550,85,60,65,135,105,100,5,FALSE,불카모스
627,Cobalion,Steel,Fighting,580,91,90,129,90,72,108,5,TRUE,코바르온
628,Terrakion,Rock,Fighting,580,91,129,90,72,90,108,5,TRUE,테라키온
629,Virizion,Grass,Fighting,580,91,90,72,90,129,108,5,TRUE,비리디온
630,TornadusIncarnate Forme,Flying,,580,79,115,70,125,80,111,5,TRUE,토네로스(화신)
631,TornadusTherian Forme,Flying,,580,79,100,80,110,90,121,5,TRUE,토네로스(영물)
632,ThundurusIncarnate Forme,Electric,Flying,580,79,115,70,125,80,111,5,TRUE,볼트로스(화신)
633,ThundurusTherian Forme,Electric,Flying,580,79,105,70,145,80,101,5,TRUE,볼트로스(영물)
634,Reshiram,Dragon,Fire,680,100,120,100,150,120,90,5,TRUE,레시라무
635,Zekrom,Dragon,Electric,680,100,150,120,120,100,90,5,TRUE,제크로무
636,LandorusIncarnate Forme,Ground,Flying,600,89,125,90,115,80,101,5,TRUE,랜드로스(화신)
637,LandorusTherian Forme,Ground,Flying,600,89,145,90,105,80,91,5,TRUE,랜드로스(영물)
638,Kyurem,Dragon,Ice,660,125,130,90,130,90,95,5,TRUE,큐레무
639,KyuremBlack Kyurem,Dragon,Ice,700,125,170,100,120,90,95,5,TRUE,블랙큐레무
640,KyuremWhite Kyurem,Dragon,Ice,700,125,120,90,170,100,95,5,TRUE,화이트큐레무
641,KeldeoOrdinary Forme,Water,Fighting,580,91,72,90,129,90,108,5,TRUE,케르디오
641,KeldeoResolute Forme,Water,Fighting,580,91,72,90,129,90,108,5,TRUE,케르디오(각오의모습)
642,MeloettaAria Forme,Normal,Psychic,600,100,77,77,128,128,90,5,TRUE,메로엣타(보이스)
642,MeloettaPirouette Forme,Normal,Fighting,600,100,128,90,77,77,128,5,TRUE,메로엣타(스텝)
643,Genesect,Bug,Steel,600,71,120,95,120,95,99,5,TRUE,게노세크트
644,Chespin,Grass,,313,56,61,65,48,45,38,6,FALSE,도치마론
645,Quilladin,Grass,,405,61,78,95,56,58,57,6,FALSE,도치보구
645,Chesnaught,Grass,Fighting,530,88,107,122,74,75,64,6,FALSE,브리가론
646,Fennekin,Fire,,307,40,45,40,62,60,60,6,FALSE,푸호꼬
646,Braixen,Fire,,409,59,59,58,90,70,73,6,FALSE,테르나
646,Delphox,Fire,Psychic,534,75,69,72,114,100,104,6,FALSE,마폭시
647,Froakie,Water,,314,41,56,40,62,44,71,6,FALSE,개구마르
647,Frogadier,Water,,405,54,63,52,83,56,97,6,FALSE,개굴반장
648,Greninja,Water,Dark,530,72,95,67,103,71,122,6,FALSE,개굴닌자
648,Bunnelby,Normal,,237,38,36,38,32,36,57,6,FALSE,파르빗
649,Diggersby,Normal,Ground,423,85,56,77,50,77,78,6,FALSE,파르토
650,Fletchling,Normal,Flying,278,45,50,43,40,38,62,6,FALSE,화살꼬빈
651,Fletchinder,Fire,Flying,382,62,73,55,56,52,84,6,FALSE,불화살빈
652,Talonflame,Fire,Flying,499,78,81,71,74,69,126,6,FALSE,파이어로
653,Scatterbug,Bug,,200,38,35,40,27,25,35,6,FALSE,분이벌레
654,Spewpa,Bug,,213,45,22,60,27,30,29,6,FALSE,분떠도리
655,Vivillon,Bug,Flying,411,80,52,50,90,50,89,6,FALSE,비비용
656,Litleo,Fire,Normal,369,62,50,58,73,54,72,6,FALSE,레오꼬
657,Pyroar,Fire,Normal,507,86,68,72,109,66,106,6,FALSE,화염레오
658,Flabébé,Fairy,,303,44,38,39,61,79,42,6,FALSE,플라베베
659,Floette,Fairy,,371,54,45,47,75,98,52,6,FALSE,플라엣테
660,Florges,Fairy,,552,78,65,68,112,154,75,6,FALSE,플라제스
661,Skiddo,Grass,,350,66,65,48,62,57,52,6,FALSE,메이클
662,Gogoat,Grass,,531,123,100,62,97,81,68,6,FALSE,고고트
663,Pancham,Fighting,,348,67,82,62,46,48,43,6,FALSE,판짱
664,Pangoro,Fighting,Dark,495,95,124,78,69,71,58,6,FALSE,부란다
665,Furfrou,Normal,,472,75,80,60,65,90,102,6,FALSE,트리미앙
666,Espurr,Psychic,,355,62,48,54,63,60,68,6,FALSE,냐스퍼
667,MeowsticMale,Psychic,,466,74,48,76,83,81,104,6,FALSE,냐오닉스
668,Honedge,Steel,Ghost,325,45,80,100,35,37,28,6,FALSE,단칼빙
669,Doublade,Steel,Ghost,448,59,110,150,45,49,35,6,FALSE,쌍검킬
670,AegislashBlade Forme,Steel,Ghost,520,60,150,50,150,50,60,6,FALSE,킬가르도(블레이드)
671,AegislashShield Forme,Steel,Ghost,520,60,50,150,50,150,60,6,FALSE,킬가르도(실드)
672,Spritzee,Fairy,,341,78,52,60,63,65,23,6,FALSE,슈쁘
673,Aromatisse,Fairy,,462,101,72,72,99,89,29,6,FALSE,프레프티르
674,Swirlix,Fairy,,341,62,48,66,59,57,49,6,FALSE,나룸퍼프
675,Slurpuff,Fairy,,480,82,80,86,85,75,72,6,FALSE,나루림
676,Inkay,Dark,Psychic,288,53,54,53,37,46,45,6,FALSE,오케이징
677,Malamar,Dark,Psychic,482,86,92,88,68,75,73,6,FALSE,칼라마네로
678,Binacle,Rock,Water,306,42,52,67,39,56,50,6,FALSE,거북손손
678,Barbaracle,Rock,Water,500,72,105,115,54,86,68,6,FALSE,거북손데스
679,Skrelp,Poison,Water,320,50,60,60,60,60,30,6,FALSE,수레기
680,Dragalge,Poison,Dragon,494,65,75,90,97,123,44,6,FALSE,드래캄
681,Clauncher,Water,,330,50,53,62,58,63,44,6,FALSE,완철포
681,Clawitzer,Water,,500,71,73,88,120,89,59,6,FALSE,블로스터
682,Helioptile,Electric,Normal,289,44,38,33,61,43,70,6,FALSE,목도리키텔
683,Heliolisk,Electric,Normal,481,62,55,52,109,94,109,6,FALSE,일레도리자드
684,Tyrunt,Rock,Dragon,362,58,89,77,45,45,48,6,FALSE,티고라스
685,Tyrantrum,Rock,Dragon,521,82,121,119,69,59,71,6,FALSE,견고라스
686,Amaura,Rock,Ice,362,77,59,50,67,63,46,6,FALSE,아마루스
687,Aurorus,Rock,Ice,521,123,77,72,99,92,58,6,FALSE,아마루르가
688,Sylveon,Fairy,,525,95,65,65,110,130,60,6,FALSE,님피아
689,Hawlucha,Fighting,Flying,500,78,92,75,74,63,118,6,FALSE,루차불
690,Dedenne,Electric,Fairy,431,67,58,57,81,67,101,6,FALSE,데덴네
691,Carbink,Rock,Fairy,500,50,50,150,50,150,50,6,FALSE,멜리시
692,Goomy,Dragon,,300,45,50,35,55,75,40,6,FALSE,미끄메라
693,Sliggoo,Dragon,,452,68,75,53,83,113,60,6,FALSE,미끄네일
694,Goodra,Dragon,,600,90,100,70,110,150,80,6,FALSE,미끄래곤
695,Klefki,Steel,Fairy,470,57,80,91,80,87,75,6,FALSE,클레피
696,Phantump,Ghost,Grass,309,43,70,48,50,60,38,6,FALSE,나목령
697,Trevenant,Ghost,Grass,474,85,110,76,65,82,56,6,FALSE,대로트
698,PumpkabooSmall Size,Ghost,Grass,335,44,66,70,44,55,56,6,FALSE,호바귀(소)
699,PumpkabooAverage Size,Ghost,Grass,335,49,66,70,44,55,51,6,FALSE,호바귀(보통)
700,PumpkabooLarge Size,Ghost,Grass,335,54,66,70,44,55,41,6,FALSE,호바귀(대)
701,PumpkabooSuper Size,Ghost,Grass,335,59,66,70,44,55,41,6,FALSE,호바귀(특대)
702,GourgeistSmall Size,Ghost,Grass,494,55,85,122,58,75,99,6,FALSE,펌킨인(소)
703,GourgeistAverage Size,Ghost,Grass,494,65,90,122,58,75,84,6,FALSE,펌킨인(보통)
704,GourgeistLarge Size,Ghost,Grass,494,75,95,122,58,75,69,6,FALSE,펌킨인(대)
705,GourgeistSuper Size,Ghost,Grass,494,85,100,122,58,75,54,6,FALSE,퍼민인(특대)
706,Bergmite,Ice,,304,55,69,85,32,35,28,6,FALSE,꽁어름
707,Avalugg,Ice,,514,95,117,184,44,46,28,6,FALSE,크레베이스
708,Noibat,Flying,Dragon,245,40,30,35,45,40,55,6,FALSE,음뱃
709,Noivern,Flying,Dragon,535,85,70,80,97,80,123,6,FALSE,음번
710,Xerneas,Fairy,,680,126,131,95,131,98,99,6,TRUE,제르네아스
710,Yveltal,Dark,Flying,680,126,131,95,131,98,99,6,TRUE,이벨타르
710,Zygarde50% Forme,Dragon,Ground,600,108,100,121,81,95,95,6,TRUE,지가르데
710,Diancie,Rock,Fairy,600,50,100,150,100,150,50,6,TRUE,디안시
711,HoopaHoopa Confined,Psychic,Ghost,600,80,110,60,150,130,70,6,TRUE,후파(굴레에 빠진 모습)
711,HoopaHoopa Unbound,Psychic,Dark,680,80,160,60,170,130,80,6,TRUE,후파(굴레를 벗어난 모습)
711,Volcanion,Fire,Water,600,80,110,120,130,90,70,6,TRUE,볼케니온
